Number;InsertionTime;SearchTime;RemovingTime;IndexingTime;IndexSearchingTime;InsertionUsedMemory;SearchUsedMemory;RemovingUsedMemory;IndexingUsedMemory;IndexSearchingUsedMemory;InsertionDiskOperationsCount;SearchDiskOperationsCount;RemovingDiskOperationsCount;IndexingDiskOperationsCount;IndexSearchingDiskOperationsCount;MaxSearchDepth;IndexMaxSearchDepth
1;0;0;0;14510;10533;0;87402;0;118187;22690124;1;0;1;7,28e+004;499;1;3
2;0;0;0;14386;10503;0;100113;0;158498;22702835;1;0;1;5,61e+004;249;1;3
3;0;0;0;14647;10500;0;182846;0;370117;22785568;1;0;1;4,93e+004;49;1;2
4;0;0;0;14839;10486;0;291979;0;663250;22894701;1;0;1;4,81e+004;24;1;2
5;0;0;0;15168;10499;0;409112;0;964383;23011834;1;0;1;4,71e+004;16;1;2
6;0;0;0;15323;10506;0;534245;0;1273516;23136967;1;0;1;4,61e+004;12;1;2
7;0;0;0;14402;10501;0;177494;0;208555;22780216;1;0;1;7,28e+004;499;1;3
8;0;0;0;14376;10492;0;189443;0;248104;22792165;1;0;1;5,61e+004;249;1;3
9;0;0;0;14671;10549;0;272192;0;459647;22874914;1;0;1;4,93e+004;49;1;2
10;0;0;0;15026;10504;0;381343;0;752798;22984065;1;0;1;4,81e+004;24;1;2
11;0;0;0;15125;10503;0;498493;0;1053948;23101215;1;0;1;4,71e+004;16;1;2
12;0;0;0;15326;10502;0;623643;0;1363098;23226365;1;0;1;4,61e+004;12;1;2
13;0;0;0;14470;10496;0;263317;0;305578;22866039;1;0;1;9,31e+004;733;1;3
14;0;0;0;14439;10574;0;271799;0;354140;22874521;1;0;1;7,76e+004;372;1;3
15;0;0;10;15138;10499;0;327225;0;663500;22929947;1;0;1;5,22e+004;74;1;2
16;0;0;0;14722;10500;0;400507;0;1070606;23003229;1;0;1;5,02e+004;37;1;2
17;0;0;0;14885;10497;0;478933;0;1482120;23081655;1;0;1;4,9e+004;24;1;2
18;0;0;0;15032;10499;0;562687;0;1898962;23165409;1;0;1;4,81e+004;18;1;2
19;0;0;0;14580;10500;0;325177;0;373336;22927899;1;0;1;1,04e+005;755;1;3
20;0;0;0;14471;10485;0;333663;0;428158;22936385;1;0;1;8,38e+004;378;1;3
21;0;0;0;14540;10503;0;389093;0;786466;22991815;1;0;1;5,37e+004;74;1;2
22;0;0;0;14787;10502;0;462379;0;1255032;23065101;1;0;1;5,1e+004;37;1;2
23;0;0;0;14889;10488;0;540809;0;1727822;23143531;1;0;1;4,95e+004;24;1;2
24;0;0;0;15105;10497;0;624567;0;2205940;23227289;1;0;1;4,85e+004;18;1;2
25;0;0;0;14414;388;0;390414;0;421199;1229344;1;0;1;7,23e+004;23;1;3
26;0;0;0;14391;384;0;402348;0;460733;1241278;1;0;1;5,46e+004;14;1;3
27;10;10;0;14950;394;0;485082;0;672353;1324012;1;0;1;4,92e+004;3;1;2
28;0;0;0;15576;390;0;594216;0;965487;1433146;1;0;1;4,81e+004;2;1;2
29;0;0;0;16408;383;0;711350;0;1266621;1550280;1;0;1;4,71e+004;2;1;2
30;0;0;0;16977;391;0;836484;0;1575755;1675414;1;0;1;4,6e+004;2;1;2
31;0;0;0;14502;391;0;479734;0;510795;1318664;1;0;1;7,22e+004;23;1;3
32;0;0;0;14405;383;0;491684;0;550345;1330614;1;0;1;5,46e+004;14;1;3
33;0;0;0;14955;393;0;574434;0;761889;1413364;1;0;1;4,92e+004;3;1;2
34;0;0;0;15600;383;0;683584;0;1055039;1522514;1;0;1;4,81e+004;2;1;2
35;0;0;0;16390;393;0;800734;0;1356189;1639664;1;0;1;4,71e+004;2;1;2
36;0;0;0;16984;385;0;925884;0;1665339;1764814;1;0;1;4,6e+004;2;1;2
37;0;0;0;14581;388;0;565558;0;625777;1404488;1;0;1;9,63e+004;31;1;3
38;0;0;0;14534;412;0;574040;0;680865;1412970;1;0;1;7,65e+004;17;1;3
39;0;0;0;14808;394;0;629466;0;965741;1468396;1;0;1;5,35e+004;3;1;2
40;0;0;0;15325;393;0;702748;0;1372847;1541678;1;0;1;5,11e+004;2;1;2
41;0;0;0;15741;393;0;781174;0;1784361;1784361;1;0;1;4,92e+004;2;1;2
42;0;0;0;16276;383;0;864928;0;2201203;2201203;1;0;1;4,82e+004;2;1;2
43;0;0;0;14575;385;0;627418;0;693535;1466348;1;0;1;1,07e+005;29;1;3
44;0;0;0;14528;393;0;635904;0;754883;1474834;1;0;1;8,37e+004;18;1;3
45;0;0;0;14838;385;0;691334;0;1088707;1530264;1;0;1;5,49e+004;3;1;2
46;0;0;0;15381;392;0;764620;0;1557273;1603550;1;0;1;5,24e+004;2;1;2
47;0;0;0;15764;393;0;843050;0;2030063;2030063;1;0;1;4,96e+004;2;1;2
48;0;0;0;16255;384;0;926808;0;2508181;2508181;1;0;1;4,9e+004;2;1;2
49;10;10;0;14499;0;0;692641;0;723426;723426;1;0;1;7,05e+004;6;1;3
50;0;0;0;14487;0;0;704575;0;744646;744646;1;0;1;5,09e+004;2;1;2
51;0;0;0;15027;0;0;787309;0;974580;974580;1;0;1;4,92e+004;2;1;2
52;0;0;0;15651;0;0;896443;0;1267714;1267714;1;0;1;4,81e+004;2;1;2
53;0;0;0;16570;0;0;1013577;0;1568848;1568848;1;0;1;4,71e+004;2;1;2
54;0;0;0;17201;0;0;1138711;0;1877982;1877982;1;0;1;4,6e+004;2;1;2
55;0;0;0;14498;0;0;781961;0;822228;822228;1;0;1;7,04e+004;6;1;3
56;0;0;0;14508;0;0;793911;0;834166;834166;1;0;1;5,09e+004;2;1;2
57;0;0;0;15039;0;0;876661;0;1064116;1064116;1;0;1;4,92e+004;2;1;2
58;0;0;0;15681;0;0;985811;0;1357266;1357266;1;0;1;4,81e+004;2;1;2
59;0;0;0;16580;0;0;1102961;0;1658416;1658416;1;0;1;4,71e+004;2;1;2
60;0;0;0;17100;0;0;1228111;0;1967566;1967566;1;0;1;4,6e+004;2;1;2
61;0;0;0;14642;0;0;867785;0;922018;922018;1;0;1;9,62e+004;6;1;3
62;0;0;0;14605;0;0;876267;0;983092;983092;1;0;1;7,74e+004;6;1;3
63;0;0;0;14903;0;0;931693;0;1267968;1267968;1;0;1;5,38e+004;2;1;2
64;0;0;0;15364;0;0;1004975;0;1675074;1675074;1;0;1;5,1e+004;2;1;2
65;0;0;0;15812;0;0;1083401;0;2086588;2086588;1;0;1;4,97e+004;2;1;2
66;0;0;0;16283;0;0;1167155;0;2503430;2503430;1;0;1;4,82e+004;2;1;2
67;0;0;0;14635;0;0;929645;0;989776;989776;1;0;1;1,07e+005;6;1;3
68;0;0;0;14605;8;0;938131;0;1032626;1032626;1;0;1;8,5e+004;6;1;3
69;0;0;0;15031;0;0;993561;0;1390934;1390934;1;0;1;5,58e+004;2;1;2
70;0;0;0;15398;2;0;1066847;0;1859500;1859500;1;0;1;5,22e+004;2;1;2
71;0;0;0;15811;0;0;1145277;0;2332290;2332290;1;0;1;4,97e+004;2;1;2
72;0;0;0;16265;0;0;1229035;0;2810408;2810408;1;0;1;4,85e+004;2;1;2
73;0;0;0;28865;20993;0;994869;0;1025654;46197591;1;0;1;1,51e+005;999;1;3
74;0;0;0;29028;20999;0;1006803;0;1065188;46209525;1;0;1;1,33e+005;499;1;3
75;0;0;0;29110;20974;0;1089537;0;1276808;46292259;1;0;1;9,96e+004;99;1;2
76;0;0;0;29804;21053;0;1198671;0;1569942;46401393;1;0;1;9,83e+004;49;1;2
77;0;0;0;30237;20995;0;1315805;0;1871076;46518527;1;0;1;9,72e+004;33;1;2
78;0;0;10;30803;20982;0;1440939;0;2180210;46643661;1;0;1;9,61e+004;24;1;2
79;0;0;0;28926;20992;0;1084189;0;1115250;46286911;1;0;1;1,51e+005;999;1;3
80;0;0;0;28883;20991;0;1096139;0;1154800;46298861;1;0;1;1,33e+005;499;1;3
81;0;0;0;29241;20837;0;1178889;0;1366344;46381611;1;0;1;9,96e+004;99;1;2
82;0;0;0;29482;20819;0;1288039;0;1659494;46490761;1;0;1;9,83e+004;49;1;2
83;0;0;0;30093;20905;0;1405189;0;1960644;46607911;1;0;1;9,72e+004;33;1;2
84;0;0;0;30597;20829;0;1530339;0;2269794;46733061;1;0;1;9,61e+004;24;1;2
85;0;0;0;28702;20825;0;1170013;0;1212274;46372735;1;0;1;1,89e+005;1,47e+003;1;3
86;0;0;0;28824;20817;0;1178495;0;1260836;46381217;1;0;1;1,65e+005;745;1;3
87;0;0;0;28804;20826;0;1233921;0;1570196;46436643;1;0;1;1,05e+005;149;1;2
88;0;0;0;29255;20905;0;1307203;0;1977302;46509925;1;0;1;1,02e+005;74;1;2
89;0;0;0;29589;20825;0;1385629;0;2388816;46588351;1;0;1;1e+005;49;1;2
90;0;0;0;29971;20867;0;1469383;0;2805658;46672105;1;0;1;9,9e+004;37;1;2
91;0;0;0;28850;20833;0;1231873;0;1280032;46434595;1;0;1;2,1e+005;1,51e+003;1;3
92;0;0;0;28750;20830;0;1240359;0;1334854;46443081;1;0;1;1,77e+005;757;1;3
93;0;0;0;28879;20824;0;1295789;0;1693162;46498511;1;0;1;1,08e+005;149;1;2
94;0;0;0;29286;20829;0;1369075;0;2161728;46571797;1;0;1;1,03e+005;74;1;2
95;0;0;0;29589;20908;0;1447505;0;2634518;46650227;1;0;1;1,01e+005;49;1;2
96;0;0;0;30017;20854;0;1531263;0;3112636;46733985;1;0;1;9,99e+004;37;1;2
97;0;0;0;28635;413;0;1297110;0;1327895;2203840;1;0;1;1,5e+005;23;1;3
98;0;0;0;28745;475;0;1309044;0;1367429;2215774;1;0;1;1,3e+005;15;1;3
99;0;0;0;30056;423;0;1391778;0;1579049;2298508;1;0;1;9,94e+004;2;1;2
100;0;0;0;31692;423;0;1500914;0;1872185;2407644;1;0;1;9,82e+004;2;1;2
101;0;0;0;33760;414;0;1618049;0;2173320;2524779;1;0;1;9,72e+004;2;1;2
102;0;0;0;35248;424;0;1743184;0;2482455;2649914;1;0;1;9,61e+004;2;1;2
103;0;0;0;28644;413;0;1386435;0;1417496;2293165;1;0;1;1,5e+005;22;1;3
104;0;0;0;28728;423;0;1398386;0;1457047;2305116;1;0;1;1,3e+005;15;1;3
105;0;0;0;30006;413;0;1481137;0;1668592;2387867;1;0;1;9,94e+004;2;1;2
106;0;0;0;31866;421;0;1590288;0;1961743;2497018;1;0;1;9,82e+004;2;1;2
107;0;0;0;33729;415;0;1707439;0;2262894;2614169;1;0;1;9,72e+004;2;1;2
108;0;0;0;35146;413;0;1832590;0;2572045;2739320;1;0;1;9,61e+004;2;1;2
109;0;0;0;29077;416;0;1472265;0;1532484;2378995;1;0;1;1,97e+005;32;1;3
110;0;0;0;29210;415;0;1480748;0;1587573;2387478;1;0;1;1,65e+005;18;1;3
111;0;0;0;29794;413;0;1536175;0;1872450;2442905;1;0;1;1,08e+005;3;1;2
112;0;0;0;31000;416;0;1609458;0;2279557;2516188;1;0;1;1,04e+005;2;1;2
113;0;0;0;32119;442;0;1687885;0;2691072;2691072;1;0;1;1,02e+005;2;1;2
114;0;0;0;33331;422;0;1771640;0;3107915;3107915;1;0;1;1e+005;2;1;2
115;0;0;0;29185;413;0;1534131;0;1594262;2440861;1;0;1;2,2e+005;34;1;3
116;0;0;0;29001;423;0;1542618;0;1661597;2449348;1;0;1;1,8e+005;18;1;3
117;0;0;0;29894;421;0;1598049;0;1995422;2504779;1;0;1;1,13e+005;3;1;2
118;0;0;0;31053;414;0;1671336;0;2463989;2578066;1;0;1;1,06e+005;2;1;2
119;0;0;0;32206;415;0;1749767;0;2936780;2936780;1;0;1;1,04e+005;2;1;2
120;0;0;0;33317;421;0;1833526;0;3414899;3414899;1;0;1;1,02e+005;2;1;2
121;0;0;0;29006;8;0;1599358;0;1630143;1630143;1;0;1;1,47e+005;6;1;3
122;0;0;0;29036;0;0;1611293;0;1669678;1669678;1;0;1;1,25e+005;6;1;3
123;0;0;0;30272;0;0;1694028;0;1881299;1881299;1;0;1;9,94e+004;2;1;2
124;0;0;0;31910;0;0;1803163;0;2174434;2174434;1;0;1;9,82e+004;2;1;2
125;0;0;0;34118;0;0;1920298;0;2475569;2475569;1;0;1;9,72e+004;2;1;2
126;0;0;0;35445;0;0;2045433;0;2784704;2784704;1;0;1;9,61e+004;2;1;2
127;0;0;0;28901;0;0;1688684;0;1719745;1719745;1;0;1;1,48e+005;6;1;3
128;0;0;0;29053;0;0;1700635;0;1759296;1759296;1;0;1;1,26e+005;6;1;3
129;0;0;0;30343;0;0;1783386;0;1970841;1970841;1;0;1;9,94e+004;2;1;2
130;0;0;0;31912;0;0;1892537;0;2263992;2263992;1;0;1;9,82e+004;2;1;2
131;0;0;0;33959;0;0;2009688;0;2565143;2565143;1;0;1;9,72e+004;2;1;2
132;0;0;0;35515;0;0;2134839;0;2874294;2874294;1;0;1;9,61e+004;2;1;2
133;0;0;0;29135;0;0;1774514;0;1834733;1834733;1;0;1;1,99e+005;6;1;3
134;0;0;0;29146;0;0;1782997;0;1889822;1889822;1;0;1;1,69e+005;6;1;3
135;0;0;0;29875;0;0;1838424;0;2174699;2174699;1;0;1;1,09e+005;2;1;2
136;0;0;0;31218;8;0;1911707;0;2581806;2581806;1;0;1;1,04e+005;2;1;2
137;0;0;0;32244;0;0;1990134;0;2993321;2993321;1;0;1;1,02e+005;2;1;2
138;0;0;0;33404;0;0;2073889;0;3410164;3410164;1;0;1;1,01e+005;2;1;2
139;0;0;0;29253;0;0;1836380;0;1902497;1902497;1;0;1;2,2e+005;6;1;3
140;0;0;0;29298;0;0;1844867;0;1963846;1963846;1;0;1;1,85e+005;6;1;3
141;0;0;0;30522;0;0;1900298;0;2297671;2297671;1;0;1;1,14e+005;2;1;2
142;0;0;0;31139;0;0;1973585;0;2766238;2766238;1;0;1;1,08e+005;2;1;2
143;0;0;0;32312;0;0;2052016;0;3239029;3239029;1;0;1;1,05e+005;2;1;2
144;0;0;0;33395;0;0;2135775;0;3717148;3717148;1;0;1;1,01e+005;2;1;2
145;0;0;0;42876;31329;0;1901612;0;1932397;69704334;1;0;1;2,29e+005;1,5e+003;1;3
146;0;0;10;43019;31210;0;1913547;0;1971932;69716269;1;0;1;2,09e+005;749;1;3
147;0;0;0;43307;31287;0;1996282;0;2183553;69799004;1;0;1;1,5e+005;149;1;2
148;0;0;0;44255;31210;0;2105417;0;2476688;69908139;1;0;1;1,48e+005;74;1;2
149;0;0;0;45146;31243;0;2222552;0;2777823;70025274;1;0;1;1,47e+005;49;1;2
150;0;0;0;46083;31219;0;2347687;0;3086958;70150409;1;0;1;1,46e+005;37;1;2
151;0;0;0;42920;31238;0;1990938;0;2021999;69793660;1;0;1;2,29e+005;1,5e+003;1;3
152;0;0;0;42965;31334;0;2002889;0;2061550;69805611;1;0;1;2,09e+005;749;1;3
153;0;0;0;43349;31265;0;2085640;0;2273095;69888362;1;0;1;1,5e+005;149;1;2
154;0;0;0;44401;31221;0;2194791;0;2566246;69997513;1;0;1;1,48e+005;74;1;2
155;0;0;0;45125;31302;0;2311942;0;2867397;70114664;1;0;1;1,47e+005;49;1;2
156;0;0;0;46097;31247;0;2437093;0;3176548;70239815;1;0;1;1,46e+005;37;1;2
157;0;0;0;43123;31250;0;2076768;0;2119029;69879490;1;0;1;2,84e+005;2,2e+003;1;3
158;0;0;0;43226;31212;0;2085251;0;2167592;69887973;1;0;1;2,51e+005;1,12e+003;1;3
159;0;0;0;43451;31472;0;2140678;0;2476953;69943400;1;0;1;1,58e+005;223;1;2
160;0;0;0;44215;31515;0;2213961;0;2884060;70016683;1;0;1;1,54e+005;112;1;2
161;0;0;0;44729;31463;0;2292388;0;3295575;70095110;1;0;1;1,51e+005;74;1;2
162;0;0;0;45551;31493;0;2376143;0;3712418;70178865;1;0;1;1,5e+005;56;1;2
163;0;0;0;43487;31591;0;2138634;0;2186793;69941356;1;0;1;3,17e+005;2,27e+003;1;3
164;0;0;0;43469;31490;0;2147121;0;2241616;69949843;1;0;1;2,7e+005;1,14e+003;1;3
165;0;0;0;43665;31442;0;2202552;0;2599925;70005274;1;0;1;1,63e+005;224;1;2
166;10;10;0;44229;31491;0;2275839;0;3068492;70078561;1;0;1;1,56e+005;112;1;2
167;0;0;0;44818;31468;0;2354270;0;3541283;70156992;1;0;1;1,53e+005;74;1;2
168;0;0;0;45571;31465;0;2438029;0;4019402;70240751;1;0;1;1,51e+005;56;1;2
169;0;0;0;43434;416;0;2203878;0;2234663;3113322;1;0;1;2,26e+005;22;1;3
170;0;0;0;43747;427;0;2215813;0;2274198;3125257;1;0;1;2,05e+005;14;1;3
171;0;0;0;45906;423;0;2298548;0;2485819;3207992;1;0;1;1,5e+005;3;1;2
172;0;0;0;48945;415;0;2407683;0;2778954;3317127;1;0;1;1,48e+005;2;1;2
173;0;0;0;51583;415;0;2524818;0;3080089;3434262;1;0;1;1,47e+005;2;1;2
174;0;0;0;54319;415;0;2649953;0;3389224;3559397;1;0;1;1,46e+005;2;1;2
175;0;0;0;43198;429;0;2293204;0;2333471;3202648;1;0;1;2,26e+005;22;1;3
176;8;8;0;43341;415;0;2305155;0;2363816;3214599;1;0;1;2,05e+005;15;1;3
177;0;0;0;45505;418;0;2387906;0;2575361;3297350;1;0;1;1,5e+005;3;1;2
178;0;0;0;48462;416;0;2497057;0;2868512;3406501;1;0;1;1,48e+005;2;1;2
179;0;0;0;51637;424;0;2614208;0;3169663;3523652;1;0;1;1,47e+005;2;1;2
180;0;0;0;54433;416;0;2739359;0;3478814;3648803;1;0;1;1,46e+005;2;1;2
181;0;0;0;43733;425;0;2379034;0;2439253;3288478;1;0;1;2,99e+005;30;1;3
182;0;0;0;43751;416;0;2387517;0;2494342;3296961;1;0;1;2,55e+005;18;1;3
183;0;0;0;45059;415;0;2442944;0;2779219;3352388;1;0;1;1,64e+005;3;1;2
184;0;0;0;47081;414;0;2516227;0;3186326;3425671;1;0;1;1,58e+005;2;1;2
185;0;0;0;49074;415;0;2594654;0;3597841;3597841;1;0;1;1,54e+005;2;1;2
186;0;0;0;50995;422;0;2678409;0;4014684;4014684;1;0;1;1,51e+005;2;1;2
187;0;0;0;43856;421;0;2440900;0;2507017;3350344;1;0;1;3,33e+005;34;1;3
188;0;0;0;43937;424;0;2449387;0;2568366;3358831;1;0;1;2,74e+005;19;1;3
189;0;0;0;45010;415;0;2504818;0;2902191;3414262;1;0;1;1,69e+005;3;1;2
190;10;10;0;47118;423;0;2578105;0;3370758;3487549;1;0;1;1,61e+005;2;1;2
191;0;0;0;49166;418;0;2656536;0;3843549;3843549;1;0;1;1,57e+005;2;1;2
192;0;0;0;51061;423;0;2740295;0;4321668;4321668;1;0;1;1,55e+005;2;1;2
193;0;0;0;44025;0;0;2506126;0;2536911;2536911;1;0;1;2,25e+005;6;1;3
194;0;0;0;43760;0;0;2518061;0;2576446;2576446;1;0;1;2,01e+005;3;1;3
195;0;0;0;45821;0;0;2600796;0;2788067;2788067;1;0;1;1,5e+005;2;1;2
196;0;0;0;48697;0;0;2709931;0;3081202;3081202;1;0;1;1,48e+005;2;1;2
197;0;10;0;51833;0;0;2827066;0;3382337;3382337;1;0;1;1,47e+005;2;1;2
198;0;0;0;54749;0;0;2952201;0;3691472;3691472;1;0;1;1,46e+005;2;1;2
199;0;0;0;43458;0;0;2595452;0;2626513;2626513;1;0;1;2,25e+005;6;1;3
200;0;0;0;43814;0;0;2607403;0;2666064;2666064;1;0;1;2,01e+005;3;1;3
201;0;0;0;45934;0;0;2690154;0;2877609;2877609;1;0;1;1,5e+005;2;1;2
202;0;0;0;48632;0;0;2799305;0;3170760;3170760;1;0;1;1,48e+005;2;1;2
203;0;0;0;52580;0;0;2916456;0;3471911;3471911;1;0;1;1,47e+005;2;1;2
204;0;0;0;54683;2;0;3041607;0;3781062;3781062;1;0;1;1,46e+005;2;1;2
205;0;0;0;43967;0;0;2681282;0;2735515;2735515;1;0;1;3e+005;6;1;3
206;0;0;0;43895;0;0;2689765;0;2796590;2796590;1;0;1;2,58e+005;3;1;3
207;0;0;0;45190;0;0;2745192;0;3081467;3081467;1;0;1;1,64e+005;2;1;2
208;0;0;0;47219;0;0;2818475;0;3488574;3488574;1;0;1;1,58e+005;2;1;2
209;0;0;0;49116;0;0;2896902;0;3900089;3900089;1;0;1;1,55e+005;2;1;2
210;0;0;0;51036;0;0;2980657;0;4316932;4316932;1;0;1;1,52e+005;2;1;2
211;0;0;0;43967;0;0;2743148;0;2803279;2803279;1;0;1;3,33e+005;6;1;3
212;0;0;0;43988;0;0;2751635;0;2870614;2870614;1;0;1;2,82e+005;3;1;3
213;0;0;0;45284;0;0;2807066;0;3204439;3204439;1;0;1;1,71e+005;2;1;2
214;0;0;0;47245;0;0;2880353;0;3673006;3673006;1;0;1;1,62e+005;2;1;2
215;0;0;0;49155;0;0;2958784;0;4145797;4145797;1;0;1;1,57e+005;2;1;2
216;0;0;0;51290;0;0;3042543;0;4623916;4623916;1;0;1;1,55e+005;2;1;2
217;0;0;0;57190;41743;0;2808381;0;2839166;93211104;1;0;1;3,07e+005;2e+003;1;3
218;0;0;0;57350;42314;0;2820316;0;2878701;93223039;1;0;1;2,86e+005;999;1;3
219;0;0;0;58002;41679;0;2903051;0;3090322;93305774;1;0;1;2e+005;199;1;2
220;0;0;0;59094;41644;0;3012186;0;3383457;93414909;1;0;1;1,99e+005;99;1;2
221;0;0;0;60245;41766;0;3129321;0;3684592;93532044;1;0;1;1,97e+005;66;1;2
222;0;0;0;61907;41653;0;3254456;0;3993727;93657179;1;0;1;1,96e+005;49;1;2
223;0;0;0;57299;41766;0;2897707;0;2928768;93300430;1;0;1;3,07e+005;2e+003;1;3
224;0;0;0;57380;41708;0;2909658;0;2968319;93312381;1;0;1;2,86e+005;999;1;3
225;0;0;0;57852;41630;0;2992409;0;3179864;93395132;1;0;1;2e+005;199;1;2
226;0;0;0;59154;41624;0;3101560;0;3473015;93504283;1;0;1;1,99e+005;99;1;2
227;0;0;0;60337;41668;0;3218711;0;3774166;93621434;1;0;1;1,97e+005;66;1;2
228;0;0;0;62052;41671;0;3343862;0;4083317;93746585;1;0;1;1,96e+005;49;1;2
229;0;0;0;58311;46094;0;2983537;0;3031784;93386260;1;0;1;4,01e+005;2,94e+003;1;4
230;0;0;0;58909;41738;0;2992020;0;3074361;93394743;1;0;1;3,38e+005;1,49e+003;1;3
231;0;0;0;57589;41679;0;3047447;0;3383722;93450170;1;0;1;2,11e+005;298;1;2
232;0;0;0;58534;41625;0;3120730;0;3790829;93523453;1;0;1;2,05e+005;149;1;2
233;0;0;0;59391;41682;0;3199157;0;4202344;93601880;1;0;1;2,02e+005;99;1;2
234;0;0;0;60036;41643;0;3282912;0;4619187;93685635;1;0;1;2,01e+005;74;1;2
235;0;0;0;57769;41670;0;3045403;0;3099548;93448126;1;0;1;4,47e+005;3,03e+003;1;4
236;0;0;0;57520;41872;0;3053890;0;3148385;93456613;1;0;1;3,63e+005;1,51e+003;1;3
237;0;0;0;57658;41727;0;3109321;0;3506694;93512044;1;0;1;2,17e+005;299;1;2
238;0;0;0;58600;41624;0;3182608;0;3975261;93585331;1;0;1;2,08e+005;149;1;2
239;0;0;0;59393;41673;0;3261039;0;4448052;93663762;1;0;1;2,04e+005;99;1;2
240;10;10;0;60126;41636;0;3344798;0;4926171;93747521;1;0;1;2,03e+005;74;1;2
241;0;0;0;57779;0;0;3110647;0;3150546;3150546;1;0;1;3,05e+005;3;1;3
242;0;0;0;58138;0;0;3122582;0;3180967;3180967;1;0;1;2,81e+005;3;1;3
243;0;0;0;60994;0;0;3205317;0;3392588;3392588;1;0;1;2e+005;2;1;2
244;0;0;0;65088;0;0;3314452;0;3685723;3685723;1;0;1;1,98e+005;2;1;2
245;0;0;0;69556;0;0;3431587;0;3986858;3986858;1;0;1;1,97e+005;2;1;2
246;0;0;0;73994;0;0;3556722;0;4295993;4295993;1;0;1;1,96e+005;1;1;2
247;0;0;0;57791;0;0;3199973;0;3240240;3240240;1;0;1;3,05e+005;3;1;3
248;0;0;0;58277;0;0;3211924;0;3270585;3270585;1;0;1;2,81e+005;3;1;3
249;10;10;0;61564;0;0;3294675;0;3482130;3482130;1;0;1;2e+005;2;1;2
250;0;0;0;65147;0;0;3403826;0;3775281;3775281;1;0;1;1,98e+005;2;1;2
251;0;0;0;69702;0;0;3520977;0;4076432;4076432;1;0;1;1,97e+005;2;1;2
252;0;0;0;74081;0;0;3646128;0;4385583;4385583;1;0;1;1,96e+005;1;1;2
253;0;0;0;58525;0;0;3285803;0;3346022;3346022;1;0;1;4,01e+005;6;1;3
254;0;0;0;58358;0;0;3294286;0;3401111;3401111;1;0;1;3,46e+005;3;1;3
255;0;0;0;60384;0;0;3349713;0;3685988;3685988;1;0;1;2,18e+005;2;1;2
256;0;0;0;63224;0;0;3422996;0;4093095;4093095;1;0;1;2,1e+005;2;1;2
257;0;0;0;65976;0;0;3501423;0;4504610;4504610;1;0;1;2,06e+005;2;1;2
258;0;0;0;68735;0;0;3585178;0;4921453;4921453;1;0;1;2,04e+005;2;1;2
259;0;0;0;58614;0;0;3347669;0;3413786;3413786;1;0;1;4,45e+005;6;1;3
260;0;0;0;58706;0;0;3356156;0;3487377;3487377;1;0;1;3,71e+005;3;1;3
261;0;0;0;60307;0;0;3411587;0;3808960;3808960;1;0;1;2,28e+005;2;1;2
262;0;0;0;63284;0;0;3484874;0;4277527;4277527;1;0;1;2,16e+005;2;1;2
263;10;10;0;66066;0;0;3563305;0;4750318;4750318;1;0;1;2,11e+005;2;1;2
264;0;0;0;68914;0;0;3647064;0;5228437;5228437;1;0;1;2,07e+005;2;1;2
265;0;0;0;58193;0;0;3412896;0;3443681;3443681;1;0;1;3,02e+005;6;1;3
266;0;0;0;58577;0;0;3424831;0;3483216;3483216;1;0;1;2,79e+005;6;1;3
267;0;0;0;61371;0;0;3507566;0;3694837;3694837;1;0;1;2e+005;2;1;2
268;0;0;0;65607;0;0;3616701;0;3987972;3987972;1;0;1;1,98e+005;2;1;2
269;0;0;0;69998;0;0;3733836;0;4289107;4289107;1;0;1;1,97e+005;2;1;2
270;0;0;0;74624;0;0;3858971;0;4598242;4598242;1;0;1;1,96e+005;2;1;2
271;0;0;0;58184;0;0;3502222;0;3533283;3533283;1;0;1;3,02e+005;6;1;3
272;0;0;0;58518;0;0;3514173;0;3572834;3572834;1;0;1;2,79e+005;6;1;3
273;0;0;0;61469;0;0;3596924;0;3784379;3784379;1;0;1;2e+005;2;1;2
274;0;0;0;65465;0;0;3706075;0;4077530;4077530;1;0;1;1,98e+005;2;1;2
275;0;0;0;70347;0;0;3823226;0;4378681;4378681;1;0;1;1,97e+005;2;1;2
276;0;0;0;74380;0;0;3948377;0;4687832;4687832;1;0;1;1,96e+005;2;1;2
277;0;0;0;58649;0;0;3588052;0;3648271;3648271;1;0;1;4,01e+005;6;1;3
278;0;0;0;58714;0;0;3596535;0;3703360;3703360;1;0;1;3,53e+005;6;1;3
279;0;0;0;60485;0;0;3651962;0;3988237;3988237;1;0;1;2,21e+005;2;1;2
280;0;0;0;63372;0;0;3725245;0;4395344;4395344;1;0;1;2,11e+005;2;1;2
281;0;0;0;66153;0;0;3803672;0;4806859;4806859;1;0;1;2,07e+005;2;1;2
282;0;0;0;68766;0;0;3887427;0;5223702;5223702;1;0;1;2,03e+005;2;1;2
283;0;0;0;58809;0;0;3649918;0;3710049;3710049;1;0;1;4,45e+005;6;1;3
284;0;0;0;58737;0;0;3658405;0;3777384;3777384;1;0;1;3,8e+005;6;1;3
285;0;0;0;60596;0;0;3713836;0;4111209;4111209;1;0;1;2,31e+005;2;1;2
286;0;0;0;63448;0;0;3787123;0;4579776;4579776;1;0;1;2,16e+005;2;1;2
287;0;0;0;66276;0;0;3865554;0;5052567;5052567;1;0;1;2,11e+005;2;1;2
288;0;0;0;69149;8;0;3949313;0;5530686;5530686;1;0;1;2,08e+005;2;1;2
289;0;0;0;74321;480;0;3715124;0;3762001;4502823;1;0;1;4,62e+005;27;1;3
290;0;0;0;74950;492;0;3727059;0;3793488;4514758;1;0;1;4,36e+005;15;1;3
291;0;0;0;77949;485;0;3809794;0;4005071;4597493;1;0;1;3,01e+005;3;1;2
292;0;0;0;83784;484;0;3918929;0;4297860;4706628;1;0;1;2,99e+005;2;1;2
293;0;0;0;89225;486;0;4036064;0;4598791;4823763;1;0;1;2,98e+005;2;1;2
294;0;0;0;97170;485;0;4161199;0;4908504;5011847;1;0;1;2,97e+005;2;1;2
295;0;0;0;74286;492;0;3804450;0;3851595;4592149;1;0;1;4,62e+005;27;1;3
296;0;0;0;75284;483;0;3816401;0;3883106;4604100;1;0;1;4,36e+005;15;1;3
297;0;0;0;77956;485;0;3899152;0;4094613;4686851;1;0;1;3,01e+005;3;1;2
298;0;0;0;83741;486;0;4008303;0;4387418;4796002;1;0;1;2,99e+005;2;1;2
299;0;0;0;89466;490;0;4125454;0;4688365;4913153;1;0;1;2,98e+005;2;1;2
300;0;0;0;97329;485;0;4250605;0;4998094;5101437;1;0;1;2,97e+005;2;1;2
301;0;0;0;75534;485;0;3890280;0;3963537;4677967;1;0;1;6,43e+005;43;1;4
302;0;0;0;75847;491;0;3898763;0;4012780;4686462;1;0;1;5,31e+005;16;1;3
303;0;0;0;77397;485;0;3954190;0;4298427;4741889;1;0;1;3,27e+005;3;1;2
304;0;0;0;81231;483;0;4027473;0;4705596;4815172;1;0;1;3,16e+005;3;1;2
305;0;0;0;85268;492;0;4105900;0;5116595;5116595;1;0;1;3,1e+005;2;1;2
306;0;0;0;89555;484;0;4189655;0;5533324;5533324;1;0;1;3,07e+005;2;1;2
307;0;0;0;75734;486;0;3952146;0;4031459;4739845;1;0;1;7,1e+005;44;1;4
308;0;0;0;75455;484;0;3960633;0;4086896;4748332;1;0;1;5,73e+005;16;1;3
309;0;0;0;77368;485;0;4016064;0;4421441;4803763;1;0;1;3,39e+005;4;1;2
310;0;0;0;81480;484;0;4089351;0;4889664;4889664;1;0;1;3,24e+005;2;1;2
311;0;0;0;85388;493;0;4167782;0;5362751;5362751;1;0;1;3,16e+005;2;1;2
312;0;0;0;89273;483;0;4251541;0;5840414;5840414;1;0;1;3,11e+005;2;1;2
313;8;8;0;10;0;0;4017368;0;4019387;4029386;1;0;1;20;0;1;1
314;0;0;0;0;0;0;4029303;0;4031322;4050521;1;0;1;20;0;1;1
315;0;0;0;16;0;0;4112038;0;4114057;4206856;1;0;1;20;0;1;1
316;0;0;0;0;15;0;4221173;0;4223192;4407991;1;0;1;20;0;1;1
317;0;0;0;15;0;0;4338308;0;4340327;4617126;1;0;1;20;0;1;1
318;0;0;0;0;0;0;4463443;0;4465462;4834261;1;0;1;20;0;1;1
319;0;0;0;0;16;0;4106694;0;4108713;4118804;1;0;1;20;0;1;1
320;0;0;0;16;6;0;4118645;0;4120664;4139955;1;0;1;20;0;1;1
321;0;0;0;0;0;0;4201396;0;4203415;4296306;1;0;1;20;0;1;1
322;0;0;0;16;0;0;4310547;0;4312566;4497457;1;0;1;20;0;1;1
323;0;0;0;0;15;0;4427698;0;4429717;4706608;1;0;1;20;0;1;1
324;0;0;0;6;0;0;4552849;0;4554868;4923759;1;0;1;20;0;1;1
325;0;0;0;0;16;0;4192524;0;4194543;4201414;1;0;1;20;0;1;1
326;0;0;0;0;16;0;4201007;0;4203026;4216153;1;0;1;20;0;1;1
327;0;0;0;0;15;0;4256434;0;4258453;4320524;1;0;1;20;0;1;1
328;0;0;0;15;0;0;4329717;0;4331736;4455263;1;0;1;20;0;1;1
329;0;0;0;16;0;0;4408144;0;4410163;4594962;1;0;1;20;0;1;1
330;0;0;0;16;0;0;4491899;0;4493918;4739989;1;0;1;20;0;1;1
331;0;0;0;0;16;0;4254390;0;4256409;4263280;1;0;1;20;0;1;1
332;0;0;0;0;16;0;4262877;0;4264896;4278023;1;0;1;20;0;1;1
333;0;0;15;0;0;0;4318308;0;4320327;4382398;1;0;1;20;0;1;1
334;0;0;0;22;0;0;4391595;0;4393614;4517141;1;0;1;20;0;1;1
335;0;0;0;16;0;0;4470026;0;4472045;4656844;1;0;1;20;0;1;1
336;0;0;0;15;16;0;4553785;0;4555804;4801875;1;0;1;20;0;1;1
337;0;0;0;16;0;86422;4320514;86446;4321843;4331842;1,22;0,99;1,14;20;0;2;1
338;0;0;0;16;0;0;4331859;0;4333978;4353177;1;0;1;20;0;1;1
339;0;0;0;0;7;0;4414794;0;4416913;4509712;1;0;1;20;0;1;1
340;0;0;15;0;0;0;4524129;0;4526248;4711047;1;0;1;20;0;1;1
341;0;0;0;16;0;0;4641464;0;4643583;4920382;1;0;1;20;0;1;1
342;0;0;0;0;16;0;4766799;0;4768918;5137717;1;0;1;20;0;1;1
343;0;0;0;15;0;0;4410250;0;4412369;4422460;1;0;1;20;0;1;1
344;0;0;0;0;0;0;4422401;0;4424520;4443811;1;0;1;20;0;1;1
345;0;0;0;16;0;0;4505352;0;4507471;4600362;1;0;1;20;0;1;1
346;0;0;0;16;0;0;4614703;0;4616822;4801713;1;0;1;20;0;1;1
347;0;0;0;0;0;0;4732054;0;4734173;5011064;1;0;1;20;0;1;1
348;0;0;0;15;0;0;4857405;0;4859524;5228415;1;0;1;20;0;1;1
349;0;0;0;16;0;3148417;4497800;1619660;4499399;4506270;2,22;0,99;2,16;20;0;2;1
350;0;0;0;0;16;0;4505963;0;4508082;4521209;1;0;1;20;0;1;1
351;0;0;0;0;16;0;4561590;0;4563709;4625780;1;0;1;20;0;1;1
352;0;0;0;0;0;0;4635073;0;4637192;4760719;1;0;1;20;0;1;1
353;0;0;0;16;0;0;4713700;0;4715819;4900618;1;0;1;20;0;1;1
354;0;0;0;15;7;0;4797655;0;4799774;5045845;1;0;1;20;0;1;1
355;0;0;0;16;0;3192647;4560872;1687795;4562465;4569336;2,54;1;1,99;20;0;2;1
356;0;0;0;0;15;0;4569033;0;4571152;4584279;1;0;1;20;0;1;1
357;0;0;0;0;0;0;4624664;0;4626783;4688854;1;0;1;20;0;1;1
358;0;0;0;0;16;0;4698151;0;4700270;4823797;1;0;1;20;0;1;1
359;0;0;0;0;16;0;4776782;0;4778901;4963700;1;0;1;20;0;1;1
360;0;0;15;0;0;0;4860741;0;4862860;5108931;1;0;1;20;0;1;1
361;16;16;0;16;0;4627379;4628132;3722573;4629603;4639602;2,02;0,99;2,43;20;0;2;1
362;0;0;16;0;16;4641021;4641803;2805930;4642718;4661917;2,02;0,996;2,87;20;0;2;1
363;0;0;0;0;0;0;4724334;0;4727253;4820052;1;0;1;20;0;1;1
364;0;0;0;0;16;0;4835269;0;4838188;5022987;1;0;1;20;0;1;1
365;0;0;0;0;0;0;4954204;0;4957123;5233922;1;0;1;20;0;1;1
366;0;0;0;15;0;0;5081139;0;5084058;5452857;1;0;1;20;0;1;1
367;15;15;0;16;0;4726000;4726758;4727439;4728710;4738304;2,05;1;2,47;20;0;2;1
368;0;0;0;16;0;4739655;4740444;2854981;4741348;4760639;2,02;1;2,62;20;0;2;1
369;6;6;0;0;16;0;4822980;0;4825899;4918790;1;0;1;20;0;1;1
370;15;15;0;16;0;0;4933931;0;4936850;5121741;1;0;1;20;0;1;1
371;0;0;0;15;0;0;5052882;0;5055801;5332692;1;0;1;20;0;1;1
372;0;0;0;16;0;0;5179833;0;5182752;5551643;1;0;1;20;0;1;1
373;0;0;0;16;0;4821043;4821726;4543752;4823863;4830734;2,89;0,974;2,97;20;0;2;1
374;0;0;7;15;0;4831479;4832173;3587567;4833714;4846841;2,36;0,988;2,69;20;0;2;1
375;15;15;16;0;16;0;4888022;0;4890941;4953012;1;0;1;20;0;1;1
376;0;0;0;15;0;0;4963105;0;4966024;5089551;1;0;1;20;0;1;1
377;0;0;0;16;0;0;5043332;0;5046251;5231050;1;0;1;20;0;1;1
378;0;0;16;0;0;0;5128887;0;5131806;5377877;1;0;1;20;0;1;1
379;0;0;16;0;15;4892942;4893613;4894578;4895709;4902580;3,05;1;2,5;20;0;2;1
380;16;16;0;16;15;4903380;4904004;4904857;4905436;4918563;2,49;1;2,1;20;0;2;1
381;0;0;6;0;0;0;4959748;0;4962667;5024738;1;0;1;20;0;1;1
382;0;0;0;0;16;0;5034835;0;5037754;5161281;1;0;1;20;0;1;1
383;0;0;0;15;0;0;5115066;0;5117985;5302784;1;0;1;20;0;1;1
384;0;0;16;0;0;0;5200625;0;5203544;5449615;1;0;1;20;0;1;1
385;15;31;16;0;15;4968074;674188;437494;4970615;4980614;2,11;0,986;3,52;20;0;2;1
386;0;0;16;0;0;4982039;688345;403027;4984394;5003593;2,05;0,994;2,61;20;0;2;1
387;0;0;16;0;15;10162;780032;10186;5070929;5163728;1,02;0,999;1,01;20;0;2;1
388;0;0;15;0;0;0;884977;0;5183864;5368663;1;0;1;20;0;1;1
389;0;0;16;0;16;0;1005912;0;5304799;5581598;1;0;1;20;0;1;1
390;0;0;15;16;0;0;1134847;0;5433734;5802533;1;0;1;20;0;1;1
391;15;15;16;0;16;5075684;781779;782413;5078157;5088248;2,11;1;2,3;20;0;2;1
392;16;32;0;0;7;5089605;795924;797481;5091964;5111255;2,05;1;2,4;20;0;2;1
393;0;0;16;0;16;0;879628;0;5178515;5271406;1;0;1;20;0;1;1
394;15;15;16;0;15;0;992579;0;5291466;5476357;1;0;1;20;0;1;1
395;0;0;15;0;0;0;1113530;0;5412417;5689308;1;0;1;20;0;1;1
396;0;0;16;0;16;0;1242481;0;5541368;5910259;1;0;1;20;0;1;1
397;0;0;15;0;16;5179632;885861;887753;5183075;5189946;2,76;0,976;3,51;20;0;2;1
398;16;16;15;0;6;5190693;896862;899695;5194675;5206513;2,37;0,99;2,59;20;0;2;1
399;16;32;0;15;0;3518969;959047;1769601;5252613;5314684;1,73;0,999;1,49;20;0;2;1
400;0;0;22;0;0;0;1030809;0;5329696;5453223;1;0;1;20;0;1;1
401;16;16;16;15;0;0;1113036;0;5411923;5596722;1;0;1;20;0;1;1
402;0;0;16;15;0;0;1200591;0;5499478;5745549;1;0;1;20;0;1;1
403;0;0;0;16;0;5260642;966754;967803;5264013;5270884;3,13;1;2,02;20;0;2;1
404;6;6;15;0;16;5271733;977845;978854;5274444;5287571;2,57;1;1,89;20;0;2;1
405;15;15;16;0;0;3573376;1040114;1799000;5333675;5395746;1,77;1;1,46;20;0;2;1
406;0;0;0;16;0;0;1111875;0;5410762;5534289;1;0;1;20;0;1;1
407;7;22;0;16;0;0;1194106;0;5492993;5677792;1;0;1;20;0;1;1
408;0;0;16;0;0;0;1281665;0;5580552;5826623;1;0;1;20;0;1;1
409;31;47;38;15;0;191120;195076;197840;5351820;5361346;2,1;0,984;2,87;20;0;2;1
410;47;69;47;0;15;208811;213302;217840;5371815;5388141;2,05;0,992;2,94;20;0;2;1
411;54;70;69;0;0;303606;309466;270312;5459777;5552576;2,01;0,999;2,08;20;0;2;1
412;69;100;84;0;0;428841;436667;15870;5581328;5766127;2;0,999;1,64;20;0;2;1
413;84;131;100;0;16;1142595;575606;598074;5714295;5991094;1,8;1;1,41;20;0;2;1
414;100;154;96;10;8;632096;725159;333650;5857246;6226045;1,4;1;1,21;20;0;2;1
415;32;48;22;0;15;345234;349277;350620;5505581;5515672;2,1;1;1,52;20;0;2;1
416;47;69;31;0;0;363069;367699;369460;5523412;5542703;2,05;1;1,74;20;0;2;1
417;78;94;69;0;15;458100;463871;469681;5620216;5707022;2,01;1;2,36;20;0;2;1
418;85;116;85;0;15;583219;590872;288377;5735442;5920333;2;1;1,91;20;0;2;1
419;100;153;101;0;15;1263618;729749;639481;5868425;6145316;1,8;1;1,41;20;0;2;1
420;115;168;97;10;8;691410;20326;350574;6011392;6380283;1,4;1;1,2;20;0;2;1
421;47;84;47;0;16;496161;500556;504082;5657243;5664114;3,68;1,98;2,95;20;0;3;1
422;53;69;46;7;0;510992;515026;519545;5673519;5685357;2,56;0,989;2,3;20;0;2;1
423;62;93;101;0;0;577324;583977;598235;5752202;5800216;2,17;0,998;2,62;20;0;2;1
424;54;85;69;16;0;666200;674576;42069;5824448;5947975;2,04;0,999;2,3;20;0;2;1
425;90;121;85;16;0;762967;770562;143498;5915755;6100554;2,02;0,999;1,78;20;0;2;1
426;69;101;100;16;0;467696;11716;281308;6009094;6255165;1,95;1;1,97;20;0;2;1
427;63;94;47;0;22;616774;620946;622720;5777465;5784336;4,08;2;2,6;20;0;3;1
428;63;78;32;0;0;631279;634885;637047;5791704;5804831;2,68;1;1,51;20;0;2;1
429;46;77;38;0;0;696970;703058;707573;5860696;5919362;2,24;1;1,75;20;0;2;1
430;85;116;70;15;0;785431;792927;800795;5971895;6065333;2,05;1;2,37;20;0;2;1
431;69;100;85;0;0;880406;28627;524309;6032673;6217472;2,04;1;2,2;20;0;2;1
432;69;107;132;0;0;576986;128416;2930;6125680;6371751;1,96;1;1,56;20;0;2;1
433;85;147;100;16;0;736704;315782;319265;5901980;5911506;2,67;1,99;3,25;20;0;3;1
434;100;138;117;8;0;758971;337413;343068;5926551;5942877;2,05;0,992;3,01;20;0;2;1
435;110;141;135;10;0;858342;11757;33700;6046662;6117388;2,01;0,999;2,12;20;0;2;1
436;184;247;178;2;8;134659;147004;125367;6151060;6335859;2;0,999;2,03;20;0;2;1
437;248;332;230;2;3;277127;292403;167242;6291795;6568594;2;1;1,78;20;0;2;1
438;243;334;262;10;0;433865;19878;62034;6441970;6810769;2;1;1,72;20;0;2;1
439;73;136;69;16;0;71340;80226;82376;6095513;6105604;2,56;2;2,55;20;0;3;1
440;69;107;47;0;15;94007;102160;104988;6117968;6137259;2,05;1;1,6;20;0;2;1
441;163;210;101;0;0;193662;206004;213580;6224844;6311650;2,01;1;1,82;20;0;2;1
442;163;226;144;9;0;328853;341018;348754;6359071;6529877;2;1;1,87;20;0;2;1
443;212;291;192;10;5;471077;56864;94912;6485737;6762628;2;1;1,76;20;0;2;1
444;246;328;270;3;8;627831;213667;373993;6635672;7004563;2;1;1,87;20;0;2;1
445;100;158;104;2;4;261521;266779;270980;6283938;6289574;3,81;1,99;3,12;20;0;3;1
446;78;109;84;0;0;277434;286011;293074;6306043;6317881;2,51;0,989;2,39;20;0;2;1
447;100;138;120;2;8;350852;362870;380714;6393686;6441700;2,17;0,998;2,34;20;0;2;1
448;116;154;183;8;0;448955;31476;213832;6471060;6594587;2,09;0,999;2,62;20;0;2;1
449;147;194;224;2;2;550726;131834;264887;6565511;6750310;2,04;0,999;2,48;20;0;2;1
450;179;242;256;8;0;655829;240322;342981;6672746;6918817;2,03;1;2,36;20;0;2;1
451;116;179;69;0;0;421511;427615;163;6443429;6450300;4,24;2;2,39;20;0;3;1
452;86;133;54;0;0;438316;17541;23345;6466488;6479615;2,82;1;1,54;20;0;2;1
453;116;154;85;2;8;512849;95116;102807;6544388;6603054;2,27;1;1,68;20;0;2;1
454;116;169;97;10;0;610389;191837;200290;6640775;6755553;2,1;1;1,73;20;0;2;1
455;169;238;131;10;0;711843;294529;304139;6744302;6915024;2,06;1;1,75;20;0;2;1
456;178;279;212;8;2;820705;404660;405461;6836652;7082723;2,05;1;2,03;20;0;2;1
457;497;811;698;8;0;73632;30711;48372;6662634;6669766;3,12;1,99;4,22;20;0;3;1
458;427;780;615;8;1;144269;78637;1465;6699347;6715673;2,93;2;3,38;20;0;3;1
459;594;815;777;0;0;84947;30971;54176;6840246;6910972;2,01;0,999;2,72;20;0;2;1
460;856;1120;1018;10;8;69247;15472;55880;7013745;7152471;2;0,999;2,47;20;0;2;1
461;1160;1471;1341;2;8;62950;19024;79310;7208992;7415718;2;0,999;2,46;20;0;2;1
462;1391;1765;1482;10;4;78396;33477;42770;7318094;7686893;2;1;2,01;20;0;2;1
463;475;796;473;2;3;88905;46021;60837;7018693;7028784;3,12;2;2,9;20;0;3;1
464;425;767;401;2;2;159628;6150;11126;7054719;7072719;2,93;2;2,27;20;0;3;1
465;576;800;302;10;0;98327;44240;52029;7181068;7267874;2,01;1;1,32;20;0;2;1
466;868;1123;394;0;8;82484;28504;37992;7338319;7509125;2;1;1,33;20;0;2;1
467;1270;1584;624;10;8;75938;31925;46325;7517414;7772220;2;1;1,47;20;0;2;1
468;1391;1765;666;0;0;91232;46101;62239;7704341;8043147;2;1;1,43;20;0;2;1
469;594;906;522;2;8;97504;51384;73781;7375230;7380866;3,78;1,99;3,15;20;0;3;1
470;544;867;535;10;8;167191;27593;48399;7435753;7444381;3,49;1,99;3,13;20;0;3;1
471;500;722;542;3;3;102983;66899;20642;7574496;7627832;2,17;0,998;2,23;20;0;2;1
472;626;878;594;0;8;89030;38002;77877;7722945;7816383;2,11;0,999;1,92;20;0;2;1
473;786;1086;880;8;2;54843;24223;536;7903288;8042014;2,08;0,999;2,27;20;0;2;1
474;939;1280;998;2;8;58022;16654;84475;8073163;8257177;2,06;0,999;2,1;20;0;2;1
475;654;985;413;2;3;41875;80947;13854;7831449;7838320;4,21;2;2,64;20;0;3;1
476;576;908;393;10;8;109328;57200;74809;7891479;7904387;3,65;2;2,48;20;0;3;1
477;515;777;331;2;2;47846;1583;28528;8016444;8075110;2,27;1;1,49;20;0;2;1
478;647;978;415;0;1;21246;62063;85357;8158499;8273277;2,18;1;1,49;20;0;2;1
479;788;1166;524;0;1;168501;42139;67125;8311098;8481820;2,13;1;1,58;20;0;2;1
480;937;1441;615;0;8;154592;21743;47095;8462389;8689055;2,09;1;1,53;20;0;2;1
481;969;1624;1039;10;8;47869;9045;22171;8268518;8275650;3,07;2;3,08;20;0;3;1
482;956;1642;1140;11;5;32334;29900;996;8333245;8344777;3,04;2;2,92;20;0;3;1
483;1165;1682;765;0;2;81966;35427;19681;8480798;8551524;2,01;0,999;1,35;20;0;2;1
484;1696;2474;1088;2;2;77713;30783;27954;8660857;8799583;2;0,999;1,4;20;0;2;1
485;2178;2871;1474;10;0;77973;7559;28807;8876460;9083186;2;0,999;1,59;20;0;2;1
486;2691;3427;2067;10;0;27881;7735;2851;9108219;9382945;2;1;1,74;20;0;2;1
487;1054;1789;837;0;8;66963;33231;1912;8720921;8731012;3,07;2;2,32;20;0;3;1
488;970;1674;820;0;8;58141;15371;24894;8786411;8804411;3,04;2;2,37;20;0;3;1
489;1176;1701;628;0;8;26136;23113;34543;8924836;9011642;2,01;1;1,17;20;0;2;1
490;1767;2628;809;0;0;22367;17751;26598;9088423;9259229;2;1;1,17;20;0;2;1
491;2186;2841;1019;10;8;22155;37142;12063;9287266;9542072;2;1;1,33;20;0;2;1
492;2682;3417;1391;10;4;57202;36845;13405;9502777;9841583;2;1;1,33;20;0;2;1
493;1210;1854;911;0;0;6168;13690;13566;9204798;9210434;3,82;1,99;2,72;20;0;3;1
494;1118;1776;835;2;8;21060;37539;25804;9302937;9311565;3,46;2;2,42;20;0;3;1
495;1013;1542;765;2;8;80310;745;8875;9457822;9505836;2,15;0,998;1,51;20;0;2;1
496;1231;1824;941;8;2;77118;35041;6827;9616903;9721007;2,09;0,999;1,46;20;0;2;1
497;1473;2229;1107;2;9;69543;28143;10402;9802956;9941682;2,06;0,999;1,42;20;0;2;1
498;1760;2677;1432;8;2;67761;30869;17695;9982055;10166069;2,04;0,999;1,42;20;0;2;1
499;1332;1985;758;10;8;60987;29502;20051;9770417;9777288;4,23;2;2,43;20;0;3;1
500;1181;1867;787;0;0;72639;40909;22051;9857383;9870291;3,7;2;2,4;20;0;3;1
501;1034;1638;656;0;1;37914;963;1059;10007820;10066486;2,22;1;1,34;20;0;2;1
502;1261;2065;789;0;0;36672;42845;6251;10184443;10299221;2,13;1;1,33;20;0;2;1
503;1503;2663;1028;10;8;46642;12947;7509;10356998;10527720;2,09;1;1,32;20;0;2;1
504;1733;3237;1249;0;0;52806;31776;28141;10549025;10775691;2,07;1;1,34;20;0;2;1
